{
    "Version": "2012-10-17",
    "Statement": [
        {
            "Effect": "Allow",
            "Action": [
                "s3:ListBucket"
            ],
            "Resource": "arn:aws:s3:::snapceit-receipts-dev"
        },
        {
            "Effect": "Allow",
            "Action": [
                "s3:GetObject"
            ],
            "Resource": "arn:aws:s3:::snapceit-receipts-dev/*"
        },
        {
            "Effect": "Allow",
            "Action": [
                "textract:AnalyzeExpense"
            ],
            "Resource": "*"
        },
        {
            "Effect": "Allow",
            "Action": [
                "dynamodb:PutItem"
            ],
            "Resource": "arn:aws:dynamodb:us-east-1:256399344626:table/receipts"
        }
    ]
}
