{
    "Version": "2012-10-17",
    "Statement": [
        {
            "Effect": "Allow",
            "Action": [
                "textract:AnalyzeExpense",
                "textract:DetectDocumentText",
                "textract:AnalyzeDocument",
                "textract:GetDocumentAnalysis"
            ],
            "Resource": "*"
        },
        {
            "Effect": "Allow",
            "Action": [
                "s3:GetObject",
                "s3:PutObject",
                "s3:ListBucket",
                "s3:DeleteObject"
            ],
            "Resource": [
                "arn:aws:s3:::receipt-scanner-bucket-256399344626",
                "arn:aws:s3:::receipt-scanner-bucket-256399344626/*",
                "arn:aws:s3:::snapceit-receipts-dev",
                "arn:aws:s3:::snapceit-receipts-dev/*"
            ]
        },
        {
            "Effect": "Allow",
            "Action": [
                "dynamodb:PutItem",
                "dynamodb:GetItem",
                "dynamodb:UpdateItem",
                "dynamodb:DeleteItem",
                "dynamodb:Query",
                "dynamodb:Scan"
            ],
            "Resource": [
                "arn:aws:dynamodb:us-east-1:256399344626:table/receipts"
            ]
        },
        {
            "Effect": "Allow",
            "Action": [
                "logs:CreateLogGroup",
                "logs:CreateLogStream",
                "logs:PutLogEvents"
            ],
            "Resource": "arn:aws:logs:*:*:*"
        }
    ]
}
